운영자,주소,소개
++ Angel adung ++,http://iam.zzagn.net/adung,"자작 캐릭터 모음... 
띠엄띠엄 일기... 
포트폴리오... 
웹디 팁.. "
애니의 뉴우사이트,http://zzagn.net/ani95,"아이콘, 달력, Tip 등 제공"
심심하믄 뒤지버지는 홈페쥐,http://zzagn.net/babydream,:: 꾸마가 하는 어리버리 웹디자인 ::  묘령이가 꾸마로 돌아갑니다...  늘 뒤집기 좋아하는 꾸마...  이번엔...또 뭘루...^^;;  그럼 좋은 하루 되세요 ^^*
Design esCape,http://iam.zzagn.net/escape,"웹디자이너인 esCape의 포트폴리오 사이트입니다. 
(gallery, diary 수시로 업데이트 ^^)"
 한국의전통놀이문화,http://iam.zzagn.net/folkgamekorea/,"전통놀이에대한 홈페이지입니다. 
전통적인 놀이들을 모아두었습니다. 
개인적으로 전통놀이에 관심없으신분들은 그냥 
플래쉬인트로만 보셔도 좋고요 
함보시고 글이나 몆자 적어주세요"
 +++디자인 플러스+++,http://zzagn.net/funky,"웹디자인시 필요한 색상코드랑 폰트랑..펑키의 신변잡기적..^^* 
매주 월욜마다 업뎃되는 펑키홈의 분가""아이콘 박스""도 있어요~~^-^"
{think=?},http://teen.zzagn.net/ghost,현재 마지막 작업중이구요  테마페이지만드는 3명이  테마를 만들고 또 각자 만든 테마를 가지고 거기에쓰였던 그래픽등을 강좌도 합니다
쪙이의 아이콘월드,http://zzagn.net/jjung,예쁜 아이콘들을 딥따많이 모아놨구여..  음..  켈터 제작관련 홈페이지 제작 관련 자료들을  모았습니다..  막퍼가 자료실~
나현이의 홈페이지,http://user.zzagn.net/naomi,"웹디자인포트폴리오와 영화이야기,감동적인 이야기등이 있습니다"
플러스의 고급 웹디자인 가이드,http://www.byplus.com,"Final ""Just look and Feel"" ByPlus"
 :: ELSS DESIGN - 엘쓰디쟌,http://teen.zzagn.net/sia,"웹디쟈인, HTML, CSS, 자바스크립트, CGI등의 팁을 다루고.. 제 포틀폴리오와 겔러리 들을 보실 수 있습니다."
 ::: aRACHNE'S wEB sERVER pROGRAMMING :::,http://teen.zzagn.net/arachne,"웹서버 프로그래밍에 대해 서로 상부 상조 하는 커뮤니티 성격의 사이트입니다. 
asp, php, servlet, jsp, java 기초, 데이터베이스, cgi 에 대해 다룹니다. 
관심 있으신 분은 많이 오셔서 참여해 주세요."
 낯선그리움,http://www.grium.net,사랑하는 그대는 나의 사람 나는 사랑하는 그대의 사람 사랑에 관한 시와 글... 그리고 우리의 사랑이야기를 함께 합니다. 
▦ 데이트 코스와 맛있는 always 의 집~,http://iam.zzagn.net/always,먹는거 좋아하는 사람 다 모여랏~~ !!  데이트장소 고민하는 연인들 한번 와보세요~~!!
 Andante - 별백이네,http://user.zzagn.net/andante,"미국과 한국을 오고 가면서 느낀 점들.  영어이야기 및 행복한 이야기들이 있는 곳입니다.  천천히, 천천히.. ^^ "
수학세계,http://user.zzagn.net/hdelta,"동래정보여고 수학교사 허종운의 홈페이지에서는 수학사, 수학이야기, 수학자, 수학관련자료, 수학교사 홈페이지, 교육관련자료등의 자료를 제공합니다.그래픽은 부족하지만 내용을 알차게 가꾸어갑니다"
우리나라 세시풍속(Custom of Korea),http://user.zzagn.net/nmaster,웹상에서 절대적으로 부족한 한국의 세시풍속에 관한 영문 컨텐츠를 함께 제공함으로써 외국인들도 학습할 수 있게끔 하였습니다.
배경윤의 제로네이션,http://myhome.netsgo.com/cen21,
이사야의 홈페이지,http://isaya.superboard.com,
 :: FLASIA interactive ::,http://flasia.com,플래시에 대한 생각을 한단계 더...  ΘζΘγ
심플디자인,http://simpledesign.pe.kr,
10대 웹팀 마인드스톰,http://mindstorm.or.kr,
,http://zzagn.net/syous,
 위풍당당 ZeZZ,http://zzagn.net/zezz,위쯔와 서풍이 운영하는 웹디자인 미니포탈-_-?;; 사이트
Mono Muno,http://teen.zzagn.net/hantj,[ 에러군의 갤러리 홈페이지~ ]  에러군이 그린 그림들을 정리해둔곳입니다~  이벤트는 ... 2000 의자리마다 리퀘스트 그림을..  ^-^... 축전주세요 T-T.. 
지영이의 스킨세상,http://zzagn.net/bitlz78,"예쁜 연예인 윈앰프 스킨을 얻고 싶으시다구요?  그럼 즉시 와보세요~ 자세한 스킨강좌도 있답니다.  덤으로 이미라 원수연 신일숙의 예쁜 그림, 
이병우 비틀즈 이승환의 모든 가사와 정보도 드립니다. *^^*"
뉴 색천지(Color World),http://www.colorworld.pe.kr/,"주위를 둘러보면 색은 어디에나 있다. 그러나 색을 잘 배색 하기에는 어려움이 따른다. 
우리 생활에서 본다면, 오늘은 어떤색의 옷을 입을까. 또 어떤색의 옷을 배색하여 입어야 할까 하는 고민에 빠져본적이 있을것이다. 이런 점에 착안해서 만든 것이 색천지(colorworld)이다. "
,http://thol.org,
Mercury Folder,http://yedong.com/wakeup,"매 1호마다 한 뮤지션(그룹,솔로)를 다루는 사이트입니다."
 ellie - Myself,http://ellie.syous.com,"엔터테인먼트, 웨딩, 그외 인테리어를 비롯.. 작은 정보들이 있는 곳. 잔잔한 음악과 편안한이 그리우신 분들.. 엘리의 공간으로 초대합니다.. 자! 바로.. 클릭! ^^.."
SYOUS.com - yasuBoard,http://syous.com,야수보드 공식배포처 :) 개발자로서의 Syous를 만날수 있습니다.
zestyDesign,http://izesty.com/,참 오랜만에 업댓 소식 글 써보네요..^^  짧은 휴가 기간 동안 준비한거라..  여러가지로 많이 미비합니다..  그래도 많이들 놀러와주세요..^^
애기똥풀의 집,http://pbooks.zzagn.net,애기똥풀 아줌마가 들려 주는 재미있는 그림책 이야기가 가득한 곳! 언제나 따뜻하게 쉴 수 있는 노란집입니다.
산마로의 해맑은 웃음을 위하여..,http://sanmaro.zzagn.net,"초등교사 산마로의 홈.. 
교육마당(교육자료, 교육소식), 개구장이 나라(정보, 오락실) 
홈제작(CGI 설치방법 강좌) 기타.. 등등 제공합니다. -.-;;"
태그매니아,http://user.zzagn.net/tagmania,"::: 태그매니아 ::: 웹에서 가장 기초가 되는 HTML.....즉, 태그(tag)  일주일만 하면 태그매니아만큼 합니다...^^ㆀ  자매품 : 대화방 태그와 자바스크립트 강좌 ^^v "
성공적인 대화를 위한 우리들의 소리,http://user.zzagn.net/urisori,"초등교사 ::우리소리::  ''말을 잘 하는 방법''과 ''자~알 하는 방법''  일상생활, 특히 학교생활에 있어서 성공적인 대화의 방법을 찾고 문제를 해결하기 위해 이론과 실제차원의 논의를 함. "
유/치/뽕/짝,http://zzagn.net/mfate,"웹디자이너와 웹기획자를 위한 웹진 
따끈하고 화끈한 소식이 기다립니다. 
보름에 한번 놓치면 않되는 웹진. 
유/치/뽕/짝"
쿨블루의 ICQ가이드,http://zzagn.net/koolblue,"전세계 1억명이상의 사용자를 가지고 있는 인터넷 
메신저 ICQ의 설치, 사용법, 스킨들, 관련프로그램 
등으로 구성."
WOWpc Tip WORLD,http://www.wowpc.org,"PC에 대한 모든 팁 세상! 그 외에 Dr. WOWpc 운영으로 PC에 대한 궁금증 해결해드리고, 매달 Virus Calendar 제공, 메일링으로 최신소식과 팁을 배달해드리고 있습니다."
블라인드사운드,http://bd.co.kr/blindsound.html,